#FILE	SEQUENCE	START	END	STRAND	GENE	COVERAGE	COVERAGE_MAP	GAPS	%COVERAGE	%IDENTITY	DATABASE	ACCESSION	PRODUCT	RESISTANCE
/home/chijioke/OHG_project/assembled_genome/GCA_026722545.1_PDT001515029.1_genomic.fna	DAKRYP010000001.1	7619	9518	-	espL1	1-1898/1898	========/======	2/2	100.00	97.63	vfdb		(espL1) Type III secretion system effector espL1 [TTSS secreted effectors (VF1111) - Effector delivery system (VFC0086)] [Escherichia coli O55:H7 str. CB9615]	
/home/chijioke/OHG_project/assembled_genome/GCA_026722545.1_PDT001515029.1_genomic.fna	DAKRYP010000002.1	150360	152324	-	flhA	115-2079/2079	===============	0/0	94.52	81.98	vfdb	WP_020687642	(flhA) flagellar biosynthesis protein FlhA [Flagella (VF1400) - Motility (VFC0204)] [Enterobacter cloacae strain M12X01451]	
/home/chijioke/OHG_project/assembled_genome/GCA_026722545.1_PDT001515029.1_genomic.fna	DAKRYP010000002.1	153694	154338	-	cheZ	1-645/645	===============	0/0	100.00	80.16	vfdb	WP_013096065	(cheZ) protein phosphatase CheZ [Flagella (VF1400) - Motility (VFC0204)] [Enterobacter cloacae strain M12X01451]	
/home/chijioke/OHG_project/assembled_genome/GCA_026722545.1_PDT001515029.1_genomic.fna	DAKRYP010000002.1	154349	154738	-	cheY	1-390/390	===============	0/0	100.00	83.85	vfdb	WP_008500431	(cheY) chemotaxis response regulator CheY [Flagella (VF1400) - Motility (VFC0204)] [Enterobacter cloacae strain M12X01451]	
/home/chijioke/OHG_project/assembled_genome/GCA_026722545.1_PDT001515029.1_genomic.fna	DAKRYP010000002.1	154755	155802	-	cheB	1-1048/1050	===============	0/0	99.81	81.97	vfdb	WP_003859716	(cheB) protein-glutamate methylesterase/protein-glutamine glutaminase [Flagella (VF1400) - Motility (VFC0204)] [Enterobacter cloacae strain M12X01451]	
/home/chijioke/OHG_project/assembled_genome/GCA_026722545.1_PDT001515029.1_genomic.fna	DAKRYP010000002.1	160152	160640	-	cheW	1-489/504	===============	0/0	97.02	83.03	vfdb	WP_013096054	(cheW) chemotaxis protein CheW [Flagella (VF1400) - Motility (VFC0204)] [Enterobacter cloacae strain M12X01451]	
/home/chijioke/OHG_project/assembled_genome/GCA_026722545.1_PDT001515029.1_genomic.fna	DAKRYP010000002.1	162705	163493	-	motB	67-855/930	.=============.	0/0	84.84	80.48	vfdb	WP_013096052	(motB) flagellar motor protein MotB [Flagella (VF1400) - Motility (VFC0204)] [Enterobacter cloacae strain M12X01451]	
/home/chijioke/OHG_project/assembled_genome/GCA_026722545.1_PDT001515029.1_genomic.fna	DAKRYP010000002.1	163553	164440	-	motA	1-888/888	===============	0/0	100.00	81.98	vfdb	WP_008500417	(motA) flagellar motor stator protein MotA [Flagella (VF1400) - Motility (VFC0204)] [Enterobacter cloacae strain M12X01451]	
/home/chijioke/OHG_project/assembled_genome/GCA_026722545.1_PDT001515029.1_genomic.fna	DAKRYP010000002.1	164567	165145	-	flhC	1-579/579	========/======	2/2	99.83	81.90	vfdb	WP_013096051	(flhC) flagellar transcriptional regulator FlhC [Flagella (VF1400) - Motility (VFC0204)] [Enterobacter cloacae strain M12X01451]	
/home/chijioke/OHG_project/assembled_genome/GCA_026722545.1_PDT001515029.1_genomic.fna	DAKRYP010000002.1	197603	198738	-	espR4	1-1140/1140	========/======	4/6	99.56	84.40	vfdb		(espR4) Type III secretion system effector espR4 [TTSS secreted effectors (VF1111) - Effector delivery system (VFC0086)] [Escherichia coli O55:H7 str. CB9615]	
/home/chijioke/OHG_project/assembled_genome/GCA_026722545.1_PDT001515029.1_genomic.fna	DAKRYP010000002.1	199089	199397	-	fliE	4-315/315	========/======	2/5	97.78	81.79	vfdb	WP_013097729	(fliE) flagellar hook-basal body complex protein FliE [Flagella (VF1400) - Motility (VFC0204)] [Enterobacter cloacae strain M12X01451]	
/home/chijioke/OHG_project/assembled_genome/GCA_026722545.1_PDT001515029.1_genomic.fna	DAKRYP010000002.1	201269	202262	+	fliG	1-997/999	========/======	3/5	99.40	86.67	vfdb	WP_008500327	(fliG) flagellar motor switch protein FliG [Flagella (VF1400) - Motility (VFC0204)] [Enterobacter cloacae strain M12X01451]	
/home/chijioke/OHG_project/assembled_genome/GCA_026722545.1_PDT001515029.1_genomic.fna	DAKRYP010000002.1	202943	204304	+	fliI	1-1362/1371	========/======	4/4	99.20	81.97	vfdb	WP_013097732	(fliI) flagellar protein export ATPase FliI [Flagella (VF1400) - Motility (VFC0204)] [Enterobacter cloacae strain M12X01451]	
/home/chijioke/OHG_project/assembled_genome/GCA_026722545.1_PDT001515029.1_genomic.fna	DAKRYP010000002.1	206476	207480	+	fliM	1-1005/1005	===============	0/0	100.00	84.58	vfdb	WP_013097736	(fliM) flagellar motor switch protein FliM [Flagella (VF1400) - Motility (VFC0204)] [Enterobacter cloacae strain M12X01451]	
/home/chijioke/OHG_project/assembled_genome/GCA_026722545.1_PDT001515029.1_genomic.fna	DAKRYP010000002.1	207477	207889	+	fliN	1-413/414	===============	0/0	99.76	84.99	vfdb	WP_008500318	(fliN) flagellar motor switch protein FliN [Flagella (VF1400) - Motility (VFC0204)] [Enterobacter cloacae strain M12X01451]	
/home/chijioke/OHG_project/assembled_genome/GCA_026722545.1_PDT001515029.1_genomic.fna	DAKRYP010000002.1	208318	208991	+	fliP	61-734/738	.=======/======	2/4	91.06	82.25	vfdb	WP_013097738	(fliP) flagellar type III secretion system pore protein FliP [Flagella (VF1400) - Motility (VFC0204)] [Enterobacter cloacae strain M12X01451]	
/home/chijioke/OHG_project/assembled_genome/GCA_026722545.1_PDT001515029.1_genomic.fna	DAKRYP010000002.1	209005	209270	+	fliQ	1-266/270	===============	0/0	98.52	81.95	vfdb	WP_008500315	(fliQ) flagellar biosynthesis protein FliQ [Flagella (VF1400) - Motility (VFC0204)] [Enterobacter cloacae strain M12X01451]	
/home/chijioke/OHG_project/assembled_genome/GCA_026722545.1_PDT001515029.1_genomic.fna	DAKRYP010000003.1	80735	81726	-	rpoS	2-993/993	========/======	2/2	99.80	92.85	vfdb	NP_461845	(rpoS) RNA polymerase sigma factor RpoS [RpoS (VF0112) - Regulation (VFC0301)] [Salmonella enterica subsp. enterica serovar Typhimurium str. LT2]	
/home/chijioke/OHG_project/assembled_genome/GCA_026722545.1_PDT001515029.1_genomic.fna	DAKRYP010000005.1	97692	98732	-	ompA	1-1041/1041	===============	0/0	100.00	98.08	vfdb	AAF37887	(ompA) outer membrane protein A [OmpA (VF0236) - Invasion (VFC0083)] [Escherichia coli O18:K1:H7 str. RS218]	
/home/chijioke/OHG_project/assembled_genome/GCA_026722545.1_PDT001515029.1_genomic.fna	DAKRYP010000009.1	128616	129285	+	phoP	4-673/675	===============	0/0	99.26	82.24	vfdb	NP_460201	(phoP) response regulator in two-component regulatory system with PhoQ [PhoPQ (VF0111) - Regulation (VFC0301)] [Salmonella enterica subsp. enterica serovar Typhimurium str. LT2]	
/home/chijioke/OHG_project/assembled_genome/GCA_026722545.1_PDT001515029.1_genomic.fna	DAKRYP010000010.1	39214	42361	+	acrB	1-3145/3147	========/======	5/9	99.84	83.88	vfdb	WP_002892069	(acrB) acriflavine resistance protein B [AcrAB (VF0568) - Antimicrobial activity/Competitive advantage (VFC0325)] [Klebsiella pneumoniae subsp. pneumoniae NTUH-K2044]	
/home/chijioke/OHG_project/assembled_genome/GCA_026722545.1_PDT001515029.1_genomic.fna	DAKRYP010000011.1	40119	40655	-	gspM	1-537/537	===============	0/0	100.00	97.95	vfdb		(gspM) general secretion pathway protein M [T2SS (VF0333) - Effector delivery system (VFC0086)] [Shigella dysenteriae Sd197]	
/home/chijioke/OHG_project/assembled_genome/GCA_026722545.1_PDT001515029.1_genomic.fna	DAKRYP010000011.1	40657	41835	-	gspL	1-1179/1179	===============	0/0	100.00	96.10	vfdb	WP_000097229	(gspL) general secretion pathway protein L [T2SS (VF0333) - Effector delivery system (VFC0086)] [Shigella dysenteriae Sd197]	
/home/chijioke/OHG_project/assembled_genome/GCA_026722545.1_PDT001515029.1_genomic.fna	DAKRYP010000011.1	41832	42809	-	gspK	1-978/978	===============	0/0	100.00	97.03	vfdb	WP_000633233	(gspK) general secretion pathway protein K [T2SS (VF0333) - Effector delivery system (VFC0086)] [Shigella dysenteriae Sd197]	
/home/chijioke/OHG_project/assembled_genome/GCA_026722545.1_PDT001515029.1_genomic.fna	DAKRYP010000011.1	42806	43411	-	gspJ	1-606/606	===============	0/0	100.00	96.70	vfdb	WP_001250462	(gspJ) general secretion pathway protein J [T2SS (VF0333) - Effector delivery system (VFC0086)] [Shigella dysenteriae Sd197]	
/home/chijioke/OHG_project/assembled_genome/GCA_026722545.1_PDT001515029.1_genomic.fna	DAKRYP010000011.1	43408	43779	-	gspI	1-372/372	===============	0/0	100.00	95.16	vfdb	WP_000820136	(gspI) general secretion pathway protein I [T2SS (VF0333) - Effector delivery system (VFC0086)] [Shigella dysenteriae Sd197]	
/home/chijioke/OHG_project/assembled_genome/GCA_026722545.1_PDT001515029.1_genomic.fna	DAKRYP010000011.1	43776	44339	-	gspH	1-564/564	===============	0/0	100.00	95.75	vfdb	WP_001115126	(gspH) general secretion pathway protein H [T2SS (VF0333) - Effector delivery system (VFC0086)] [Shigella dysenteriae Sd197]	
/home/chijioke/OHG_project/assembled_genome/GCA_026722545.1_PDT001515029.1_genomic.fna	DAKRYP010000011.1	44343	44798	-	gspG	1-456/456	===============	0/0	100.00	94.74	vfdb	WP_001087302	(gspG) general secretion pathway protein G [T2SS (VF0333) - Effector delivery system (VFC0086)] [Shigella dysenteriae Sd197]	
/home/chijioke/OHG_project/assembled_genome/GCA_026722545.1_PDT001515029.1_genomic.fna	DAKRYP010000011.1	44839	46038	-	gspF	1-1200/1200	===============	0/0	100.00	96.00	vfdb	WP_001173470	(gspF) general secretion pathway protein F [T2SS (VF0333) - Effector delivery system (VFC0086)] [Shigella dysenteriae Sd197]	
/home/chijioke/OHG_project/assembled_genome/GCA_026722545.1_PDT001515029.1_genomic.fna	DAKRYP010000011.1	46038	47531	-	gspE	1-1494/1494	===============	0/0	100.00	96.85	vfdb	WP_000249362	(gspE) general secretion pathway protein E [T2SS (VF0333) - Effector delivery system (VFC0086)] [Shigella dysenteriae Sd197]	
/home/chijioke/OHG_project/assembled_genome/GCA_026722545.1_PDT001515029.1_genomic.fna	DAKRYP010000011.1	47531	49591	-	gspD	1-2046/2046	========/======	1/15	100.00	96.41	vfdb	WP_000498818	(gspD) general secretion pathway protein D [T2SS (VF0333) - Effector delivery system (VFC0086)] [Shigella dysenteriae Sd197]	
/home/chijioke/OHG_project/assembled_genome/GCA_026722545.1_PDT001515029.1_genomic.fna	DAKRYP010000011.1	49621	50580	-	gspC	1-960/960	===============	0/0	100.00	95.42	vfdb	WP_000135089	(gspC) general secretion pathway protein C [T2SS (VF0333) - Effector delivery system (VFC0086)] [Shigella dysenteriae Sd197]	
/home/chijioke/OHG_project/assembled_genome/GCA_026722545.1_PDT001515029.1_genomic.fna	DAKRYP010000013.1	15910	17643	+	ibeC	1-1734/1734	===============	0/0	100.00	97.64	vfdb	WP_000556298	(ibeC) phosphoethanolamine transferase CptA [Ibes (VF0237) - Invasion (VFC0083)] [Escherichia coli O45:K1:H7 str. S88]	
/home/chijioke/OHG_project/assembled_genome/GCA_026722545.1_PDT001515029.1_genomic.fna	DAKRYP010000015.1	83224	83892	+	pmrA	1-669/669	===============	0/0	100.00	81.17	vfdb	NP_463157	(pmrA) response regulator PmrA [PmrAB (VF1355) - Regulation (VFC0301)] [Salmonella enterica subsp. enterica serovar Typhimurium str. LT2]	
/home/chijioke/OHG_project/assembled_genome/GCA_026722545.1_PDT001515029.1_genomic.fna	DAKRYP010000016.1	18925	19361	+	fur	1-437/453	===============	0/0	96.47	87.64	vfdb	NP_459678	(fur) ferric iron uptake transcriptional regulator [Fur (VF0113) - Regulation (VFC0301)] [Salmonella enterica subsp. enterica serovar Typhimurium str. LT2]	
/home/chijioke/OHG_project/assembled_genome/GCA_026722545.1_PDT001515029.1_genomic.fna	DAKRYP010000016.1	99074	99820	-	entA	1-747/747	===============	0/0	100.00	95.72	vfdb	WP_000348393	(entA) 23-dihydro-23-dihydroxybenzoate dehydrogenase EntA [Enterobactin (VF0228) - Nutritional/Metabolic factor (VFC0272)] [Escherichia coli CFT073]	
/home/chijioke/OHG_project/assembled_genome/GCA_026722545.1_PDT001515029.1_genomic.fna	DAKRYP010000016.1	99820	100677	-	entB	1-858/858	===============	0/0	100.00	98.02	vfdb	WP_001007140	(entB) isochorismatase [Enterobactin (VF0228) - Nutritional/Metabolic factor (VFC0272)] [Escherichia coli CFT073]	
/home/chijioke/OHG_project/assembled_genome/GCA_026722545.1_PDT001515029.1_genomic.fna	DAKRYP010000016.1	100691	102301	-	entE	1-1611/1611	===============	0/0	100.00	95.41	vfdb	WP_000026784	(entE) 23-dihydroxybenzoate-AMP ligase component of enterobactin synthase multienzyme complex [Enterobactin (VF0228) - Nutritional/Metabolic factor (VFC0272)] [Escherichia coli CFT073]	
/home/chijioke/OHG_project/assembled_genome/GCA_026722545.1_PDT001515029.1_genomic.fna	DAKRYP010000016.1	102311	103486	-	entC	1-1176/1176	===============	0/0	100.00	97.87	vfdb	WP_001336900	(entC) isochorismate synthase 1 [Enterobactin (VF0228) - Nutritional/Metabolic factor (VFC0272)] [Escherichia coli CFT073]	
/home/chijioke/OHG_project/assembled_genome/GCA_026722545.1_PDT001515029.1_genomic.fna	DAKRYP010000016.1	103861	104817	+	fepB	1-957/957	===============	0/0	100.00	97.49	vfdb	WP_001234311	(fepB) ferrienterobactin ABC transporter periplasmic binding protein [Enterobactin (VF0228) - Nutritional/Metabolic factor (VFC0272)] [Escherichia coli CFT073]	
/home/chijioke/OHG_project/assembled_genome/GCA_026722545.1_PDT001515029.1_genomic.fna	DAKRYP010000016.1	104821	106071	-	entS	1-1251/1251	===============	0/0	100.00	95.44	vfdb	WP_001041793	(entS) enterobactin exporter iron-regulated [Enterobactin (VF0228) - Nutritional/Metabolic factor (VFC0272)] [Escherichia coli CFT073]	
/home/chijioke/OHG_project/assembled_genome/GCA_026722545.1_PDT001515029.1_genomic.fna	DAKRYP010000016.1	106182	107186	+	fepD	1-1005/1005	===============	0/0	100.00	96.02	vfdb	WP_001443194	(fepD) ferrienterobactin ABC transporter permease [Enterobactin (VF0228) - Nutritional/Metabolic factor (VFC0272)] [Escherichia coli CFT073]	
/home/chijioke/OHG_project/assembled_genome/GCA_026722545.1_PDT001515029.1_genomic.fna	DAKRYP010000016.1	107183	108175	+	fepG	1-993/993	===============	0/0	100.00	94.06	vfdb	WP_000640938	(fepG) iron-enterobactin ABC transporter permease [Enterobactin (VF0228) - Nutritional/Metabolic factor (VFC0272)] [Escherichia coli CFT073]	
/home/chijioke/OHG_project/assembled_genome/GCA_026722545.1_PDT001515029.1_genomic.fna	DAKRYP010000016.1	108172	108987	+	fepC	1-816/816	===============	0/0	100.00	97.30	vfdb	WP_000140634	(fepC) ferrienterobactin ABC transporter ATPase [Enterobactin (VF0228) - Nutritional/Metabolic factor (VFC0272)] [Escherichia coli CFT073]	
/home/chijioke/OHG_project/assembled_genome/GCA_026722545.1_PDT001515029.1_genomic.fna	DAKRYP010000018.1	1548	5796	-	fdeC	1-4246/4251	========/======	1/3	99.88	94.21	vfdb	WP_000092542	(fdeC) adhesin FdeC [FdeC (VF0506) - Adherence (VFC0001)] [Escherichia coli O45:K1:H7 str. S88]	
/home/chijioke/OHG_project/assembled_genome/GCA_026722545.1_PDT001515029.1_genomic.fna	DAKRYP010000018.1	8866	9408	+	ykgK/ecpR	1-543/543	===============	0/0	100.00	97.24	vfdb	WP_000389022	(ykgK/ecpR) regulator protein EcpR [ECP (VF0404) - Adherence (VFC0001)] [Escherichia coli O157:H7 str. EDL933]	
/home/chijioke/OHG_project/assembled_genome/GCA_026722545.1_PDT001515029.1_genomic.fna	DAKRYP010000018.1	9483	10070	+	yagZ/ecpA	1-588/588	===============	0/0	100.00	99.15	vfdb	WP_000730972	(yagZ/ecpA) E. coli common pilus structural subunit EcpA [ECP (VF0404) - Adherence (VFC0001)] [Escherichia coli O157:H7 str. EDL933]	
/home/chijioke/OHG_project/assembled_genome/GCA_026722545.1_PDT001515029.1_genomic.fna	DAKRYP010000018.1	10128	10796	+	yagY/ecpB	1-669/669	===============	0/0	100.00	98.06	vfdb	WP_000716386	(yagY/ecpB) E. coli common pilus chaperone EcpB [ECP (VF0404) - Adherence (VFC0001)] [Escherichia coli O157:H7 str. EDL933]	
/home/chijioke/OHG_project/assembled_genome/GCA_026722545.1_PDT001515029.1_genomic.fna	DAKRYP010000018.1	10822	13347	+	yagX/ecpC	1-2526/2526	===============	0/0	100.00	98.77	vfdb	WP_001131063	(yagX/ecpC) E. coli common pilus usher EcpC [ECP (VF0404) - Adherence (VFC0001)] [Escherichia coli O157:H7 str. EDL933]	
/home/chijioke/OHG_project/assembled_genome/GCA_026722545.1_PDT001515029.1_genomic.fna	DAKRYP010000018.1	13337	14980	+	yagW/ecpD	1-1644/1644	===============	0/0	100.00	99.09	vfdb	WP_001265657	(yagW/ecpD) polymerized tip adhesin of ECP fibers [ECP (VF0404) - Adherence (VFC0001)] [Escherichia coli O157:H7 str. EDL933]	
/home/chijioke/OHG_project/assembled_genome/GCA_026722545.1_PDT001515029.1_genomic.fna	DAKRYP010000018.1	14949	15656	+	yagV/ecpE	1-709/711	========/======	1/1	99.58	96.90	vfdb	WP_001301550	(yagV/ecpE) E. coli common pilus chaperone EcpE [ECP (VF0404) - Adherence (VFC0001)] [Escherichia coli O157:H7 str. EDL933]	
/home/chijioke/OHG_project/assembled_genome/GCA_026722545.1_PDT001515029.1_genomic.fna	DAKRYP010000018.1	59992	63726	-	rhs/PAAR	1-3690/4209	========/=====.	10/55	87.55	91.66	vfdb	WP_000508696	(rhs/PAAR) Type VI secretion system protein PAAR family [T6SS (VF0579) - Effector delivery system (VFC0086)] [Shigella sonnei Ss046]	
/home/chijioke/OHG_project/assembled_genome/GCA_026722545.1_PDT001515029.1_genomic.fna	DAKRYP010000018.1	63802	65943	-	vgrG/tssI	1-2142/2142	===============	0/0	100.00	98.04	vfdb	WP_000103365	(vgrG/tssI) type VI secretion system effector VgrG [T6SS (VF0579) - Effector delivery system (VFC0086)] [Shigella sonnei Ss046]	
/home/chijioke/OHG_project/assembled_genome/GCA_026722545.1_PDT001515029.1_genomic.fna	DAKRYP010000018.1	66153	66671	-	hcp2/tssD2	1-519/519	===============	0/0	100.00	99.04	vfdb	WP_001142968	(hcp2/tssD2) Type VI secretion system protein Hcp family [T6SS (VF0579) - Effector delivery system (VFC0086)] [Shigella sonnei Ss046]	
/home/chijioke/OHG_project/assembled_genome/GCA_026722545.1_PDT001515029.1_genomic.fna	DAKRYP010000018.1	67366	67866	+	tssB	1-501/501	===============	0/0	100.00	98.20	vfdb	WP_000037389	(tssB) Type VI secretion system protein TssB [T6SS (VF0579) - Effector delivery system (VFC0086)] [Shigella sonnei Ss046]	
/home/chijioke/OHG_project/assembled_genome/GCA_026722545.1_PDT001515029.1_genomic.fna	DAKRYP010000018.1	68176	69651	+	tssC	1-1476/1476	===============	0/0	100.00	99.53	vfdb		(tssC) Type VI secretion system protein TssC [T6SS (VF0579) - Effector delivery system (VFC0086)] [Shigella sonnei Ss046]	
/home/chijioke/OHG_project/assembled_genome/GCA_026722545.1_PDT001515029.1_genomic.fna	DAKRYP010000018.1	70075	71925	+	tssF	1-1851/1851	===============	0/0	100.00	99.57	vfdb	WP_000393837	(tssF) Type VI secretion system protein TssF [T6SS (VF0579) - Effector delivery system (VFC0086)] [Shigella sonnei Ss046]	
/home/chijioke/OHG_project/assembled_genome/GCA_026722545.1_PDT001515029.1_genomic.fna	DAKRYP010000018.1	71889	72971	+	tssG	1-1083/1083	===============	0/0	100.00	99.45	vfdb	WP_000348788	(tssG) Type VI secretion system protein TssG [T6SS (VF0579) - Effector delivery system (VFC0086)] [Shigella sonnei Ss046]	
/home/chijioke/OHG_project/assembled_genome/GCA_026722545.1_PDT001515029.1_genomic.fna	DAKRYP010000018.1	72996	74276	+	fha	1-1281/1281	===============	0/0	100.00	99.61	vfdb	WP_001113715	(fha) Type VI secretion system protein Fha [T6SS (VF0579) - Effector delivery system (VFC0086)] [Shigella sonnei Ss046]	
/home/chijioke/OHG_project/assembled_genome/GCA_026722545.1_PDT001515029.1_genomic.fna	DAKRYP010000018.1	74273	74797	+	tssJ	1-525/525	===============	0/0	100.00	98.86	vfdb	WP_001080148	(tssJ) Type VI secretion system protein TssJ [T6SS (VF0579) - Effector delivery system (VFC0086)] [Shigella sonnei Ss046]	
/home/chijioke/OHG_project/assembled_genome/GCA_026722545.1_PDT001515029.1_genomic.fna	DAKRYP010000018.1	74800	76131	+	tssK	1-1330/1330	========/======	1/2	100.00	98.95	vfdb		(tssK) Type VI secretion system protein TssK [T6SS (VF0579) - Effector delivery system (VFC0086)] [Shigella sonnei Ss046]	
/home/chijioke/OHG_project/assembled_genome/GCA_026722545.1_PDT001515029.1_genomic.fna	DAKRYP010000018.1	76136	76897	+	tssL	1-762/762	===============	0/0	100.00	100.00	vfdb	WP_000343289	(tssL) Type VI secretion system protein TssL [T6SS (VF0579) - Effector delivery system (VFC0086)] [Shigella sonnei Ss046]	
/home/chijioke/OHG_project/assembled_genome/GCA_026722545.1_PDT001515029.1_genomic.fna	DAKRYP010000018.1	76906	79671	+	clpV/tssH	1-2778/2778	========/======	1/12	99.57	99.24	vfdb		(clpV/tssH) Type VI secretion system ATPase ClpV/TssH [T6SS (VF0579) - Effector delivery system (VFC0086)] [Shigella sonnei Ss046]	
/home/chijioke/OHG_project/assembled_genome/GCA_026722545.1_PDT001515029.1_genomic.fna	DAKRYP010000018.1	80416	81828	+	tssA	1-1413/1413	===============	0/0	100.00	99.58	vfdb	WP_001240533	(tssA) Type VI secretion system protein TssA [T6SS (VF0579) - Effector delivery system (VFC0086)] [Shigella sonnei Ss046]	
/home/chijioke/OHG_project/assembled_genome/GCA_026722545.1_PDT001515029.1_genomic.fna	DAKRYP010000018.1	81847	83476	+	tssM	1-1630/1680	===============	0/0	97.02	99.02	vfdb	WP_011310140	(tssM) Type VI secretion system protein TssM [T6SS (VF0579) - Effector delivery system (VFC0086)] [Shigella sonnei Ss046]	
/home/chijioke/OHG_project/assembled_genome/GCA_026722545.1_PDT001515029.1_genomic.fna	DAKRYP010000018.1	83471	85371	+	tssM	2-1902/1902	===============	0/0	99.95	98.95	vfdb		(tssM) Type VI secretion system protein TssM [T6SS (VF0579) - Effector delivery system (VFC0086)] [Shigella sonnei Ss046]	
/home/chijioke/OHG_project/assembled_genome/GCA_026722545.1_PDT001515029.1_genomic.fna	DAKRYP010000018.1	85382	86734	+	tssA	1-1353/1353	===============	0/0	100.00	99.56	vfdb	WP_001087735	(tssA) Type VI secretion system protein TssA [T6SS (VF0579) - Effector delivery system (VFC0086)] [Shigella sonnei Ss046]	
/home/chijioke/OHG_project/assembled_genome/GCA_026722545.1_PDT001515029.1_genomic.fna	DAKRYP010000018.1	86758	87240	+	hcp1/tssD1	1-483/483	===============	0/0	100.00	100.00	vfdb	WP_001284199	(hcp1/tssD1) type VI secretion system protein Hcp family [T6SS (VF0579) - Effector delivery system (VFC0086)] [Shigella sonnei Ss046]	
/home/chijioke/OHG_project/assembled_genome/GCA_026722545.1_PDT001515029.1_genomic.fna	DAKRYP010000023.1	25156	25967	-	espY1	1-753/753	========/======	3/61	99.87	86.96	vfdb	WP_001304001	(espY1) Type III secretion system effector EspY1 [TTSS secreted effectors (VF1110) - Effector delivery system (VFC0086)] [Escherichia coli O157:H7 str. EDL933]	
/home/chijioke/OHG_project/assembled_genome/GCA_026722545.1_PDT001515029.1_genomic.fna	DAKRYP010000023.1	64111	65532	+	espX1	1-1422/1422	===============	0/0	100.00	95.15	vfdb	WP_000129338	(espX1) Type III secretion system effector EspX1 [TTSS secreted effectors (VF1110) - Effector delivery system (VFC0086)] [Escherichia coli O157:H7 str. EDL933]	
/home/chijioke/OHG_project/assembled_genome/GCA_026722545.1_PDT001515029.1_genomic.fna	DAKRYP010000024.1	27776	29356	-	espX4	1-1581/1581	========/======	2/2	99.94	93.30	vfdb	WP_000900547	(espX4) Type III secretion system effector EspX4 [TTSS secreted effectors (VF1110) - Effector delivery system (VFC0086)] [Escherichia coli O157:H7 str. EDL933]	
/home/chijioke/OHG_project/assembled_genome/GCA_026722545.1_PDT001515029.1_genomic.fna	DAKRYP010000024.1	57572	59758	+	espL4	1-2187/2187	===============	0/0	100.00	97.30	vfdb	WP_000627910	(espL4) Type III secretion system effector EspL4 [TTSS secreted effectors (VF1110) - Effector delivery system (VFC0086)] [Escherichia coli O157:H7 str. EDL933]	
/home/chijioke/OHG_project/assembled_genome/GCA_026722545.1_PDT001515029.1_genomic.fna	DAKRYP010000028.1	57171	59211	+	vgrG/tssI	1-2065/2142	========/======	3/26	95.24	88.96	vfdb	WP_000103365	(vgrG/tssI) type VI secretion system effector VgrG [T6SS (VF0579) - Effector delivery system (VFC0086)] [Shigella sonnei Ss046]	
/home/chijioke/OHG_project/assembled_genome/GCA_026722545.1_PDT001515029.1_genomic.fna	DAKRYP010000030.1	16390	17818	+	aslA	1-1428/1428	========/======	1/1	100.00	93.49	vfdb	AAG10151	(aslA) putative arylsulfatase [AslA (VF0238) - Invasion (VFC0083)] [Escherichia coli O18:K1:H7 str. RS218]	
/home/chijioke/OHG_project/assembled_genome/GCA_026722545.1_PDT001515029.1_genomic.fna	DAKRYP010000032.1	4986	5819	-	cgsG	1-834/834	===============	0/0	100.00	97.12	vfdb	WP_001189322	(cgsG) curli production assembly/transport protein CsgG [Curli fibers (VF1138) - Adherence (VFC0001)] [Escherichia coli O25b:H4-ST131]	
/home/chijioke/OHG_project/assembled_genome/GCA_026722545.1_PDT001515029.1_genomic.fna	DAKRYP010000032.1	5846	6262	-	cgsF	1-417/417	===============	0/0	100.00	98.08	vfdb	WP_001264082	(cgsF) curli production assembly/transport protein CsgF [Curli fibers (VF1138) - Adherence (VFC0001)] [Escherichia coli O25b:H4-ST131]	
/home/chijioke/OHG_project/assembled_genome/GCA_026722545.1_PDT001515029.1_genomic.fna	DAKRYP010000032.1	6287	6676	-	cgsE	1-390/390	===============	0/0	100.00	98.72	vfdb	WP_000833288	(cgsE) curli production assembly/transport protein CsgE [Curli fibers (VF1138) - Adherence (VFC0001)] [Escherichia coli O25b:H4-ST131]	
/home/chijioke/OHG_project/assembled_genome/GCA_026722545.1_PDT001515029.1_genomic.fna	DAKRYP010000032.1	6681	7331	-	cgsD	1-651/651	===============	0/0	100.00	99.08	vfdb	WP_000481500	(cgsD) transcriptional regulator CsgD [Curli fibers (VF1138) - Adherence (VFC0001)] [Escherichia coli O25b:H4-ST131]	
/home/chijioke/OHG_project/assembled_genome/GCA_026722545.1_PDT001515029.1_genomic.fna	DAKRYP010000032.1	8086	8541	+	csgB	1-456/456	===============	0/0	100.00	99.56	vfdb	WP_000791650	(csgB) curlin minor subunit CsgB [Curli fibers (VF1138) - Adherence (VFC0001)] [Escherichia coli O25b:H4-ST131]	
/home/chijioke/OHG_project/assembled_genome/GCA_026722545.1_PDT001515029.1_genomic.fna	DAKRYP010000032.1	8582	9037	+	csgA	1-459/459	========/======	1/3	99.35	91.72	vfdb	WP_000771429	(csgA) curlin major subunit CsgA [Curli fibers (VF1138) - Adherence (VFC0001)] [Escherichia coli O25b:H4-ST131]	
/home/chijioke/OHG_project/assembled_genome/GCA_026722545.1_PDT001515029.1_genomic.fna	DAKRYP010000032.1	9096	9428	+	csgC	1-333/333	===============	0/0	100.00	98.50	vfdb	WP_000992818	(csgC) curli assembly protein CsgC [Curli fibers (VF1138) - Adherence (VFC0001)] [Escherichia coli O25b:H4-ST131]	
/home/chijioke/OHG_project/assembled_genome/GCA_026722545.1_PDT001515029.1_genomic.fna	DAKRYP010000032.1	35574	35978	+	flgC	1-405/405	===============	0/0	100.00	82.72	vfdb	WP_013097138	(flgC) flagellar basal body rod protein FlgC [Flagella (VF1400) - Motility (VFC0204)] [Enterobacter cloacae strain M12X01451]	
/home/chijioke/OHG_project/assembled_genome/GCA_026722545.1_PDT001515029.1_genomic.fna	DAKRYP010000032.1	38865	39647	+	flgG	1-783/783	===============	0/0	100.00	84.93	vfdb	WP_008500810	(flgG) flagellar basal-body rod protein FlgG [Flagella (VF1400) - Motility (VFC0204)] [Enterobacter cloacae strain M12X01451]	
/home/chijioke/OHG_project/assembled_genome/GCA_026722545.1_PDT001515029.1_genomic.fna	DAKRYP010000032.1	39700	40398	+	flgH	1-699/699	========/======	2/4	99.71	81.31	vfdb	WP_003857987	(flgH) flagellar basal body L-ring protein FlgH [Flagella (VF1400) - Motility (VFC0204)] [Enterobacter cloacae strain M12X01451]	
/home/chijioke/OHG_project/assembled_genome/GCA_026722545.1_PDT001515029.1_genomic.fna	DAKRYP010000032.1	40458	41507	+	flgI	49-1098/1098	========/======	2/2	95.54	80.69	vfdb	WP_013097134	(flgI) flagellar basal body P-ring protein FlgI [Flagella (VF1400) - Motility (VFC0204)] [Enterobacter cloacae strain M12X01451]	
/home/chijioke/OHG_project/assembled_genome/GCA_026722545.1_PDT001515029.1_genomic.fna	DAKRYP010000035.1	33211	33861	-	rcsB	1-651/651	===============	0/0	100.00	84.48	vfdb	WP_002913007	(rcsB) transcriptional regulator RcsB [RcsAB (VF0571) - Regulation (VFC0301)] [Klebsiella pneumoniae subsp. pneumoniae NTUH-K2044]	
/home/chijioke/OHG_project/assembled_genome/GCA_026722545.1_PDT001515029.1_genomic.fna	DAKRYP010000043.1	22774	24066	+	espX5	1-1293/1293	===============	0/0	100.00	97.45	vfdb	WP_001270087	(espX5) Type III secretion system effector EspX5 [TTSS secreted effectors (VF1111) - Effector delivery system (VFC0086)] [Escherichia coli O55:H7 str. CB9615]	
/home/chijioke/OHG_project/assembled_genome/GCA_026722545.1_PDT001515029.1_genomic.fna	DAKRYP010000055.1	8557	9938	-	ibeB	1-1382/1383	===============	0/0	99.93	96.53	vfdb	WP_000074207	(ibeB) Cu(+)/Ag(+) efflux RND transporter outer membrane channel CusC [Ibes (VF0237) - Invasion (VFC0083)] [Escherichia coli O45:K1:H7 str. S88]	
/home/chijioke/OHG_project/assembled_genome/GCA_026722545.1_PDT001515029.1_genomic.fna	DAKRYP010000056.1	6595	7648	+	espR1	198-1253/1260	..======/======	2/2	83.65	93.94	vfdb	WP_000671691	(espR1) Type III secretion system effector espR1 [TTSS secreted effectors (VF1111) - Effector delivery system (VFC0086)] [Escherichia coli O55:H7 str. CB9615]	
/home/chijioke/OHG_project/assembled_genome/GCA_026722545.1_PDT001515029.1_genomic.fna	DAKRYP010000057.1	862	1752	+	galF	1-891/891	===============	0/0	100.00	94.05	vfdb	WP_001741945	(galF) GalU regulator GalF [Capsule (VF0560) - Immune modulation (VFC0258)] [Klebsiella pneumoniae subsp. pneumoniae NTUH-K2044]	
/home/chijioke/OHG_project/assembled_genome/GCA_026722545.1_PDT001515029.1_genomic.fna	DAKRYP010000057.1	2146	2774	+	KP1_RS17355	1-629/630	===============	0/0	99.84	91.89	vfdb	WP_014907219	(KP1_RS17355) phosphatase PAP2 family protein [Capsule (VF0560) - Immune modulation (VFC0258)] [Klebsiella pneumoniae subsp. pneumoniae NTUH-K2044]	
/home/chijioke/OHG_project/assembled_genome/GCA_026722545.1_PDT001515029.1_genomic.fna	DAKRYP010000057.1	3736	5169	+	KP1_RS17345	1-1434/1434	===============	0/0	100.00	87.59	vfdb	WP_041937790	(KP1_RS17345) capsule assembly Wzi family protein [Capsule (VF0560) - Immune modulation (VFC0258)] [Klebsiella pneumoniae subsp. pneumoniae NTUH-K2044]	
/home/chijioke/OHG_project/assembled_genome/GCA_026722545.1_PDT001515029.1_genomic.fna	DAKRYP010000062.1	4915	6276	-	allB	1-1362/1362	========/======	3/6	99.78	82.86	vfdb	WP_012737535	(allB) allantoinase [Allantion utilization (VF0572) - Nutritional/Metabolic factor (VFC0272)] [Klebsiella pneumoniae subsp. pneumoniae NTUH-K2044]	
/home/chijioke/OHG_project/assembled_genome/GCA_026722545.1_PDT001515029.1_genomic.fna	DAKRYP010000064.1	7022	8803	+	iucA	1-1782/1782	===============	0/0	100.00	93.94	vfdb	NP_709454	(iucA) aerobactin synthesis protein IucA [Aerobactin (VF0123) - Nutritional/Metabolic factor (VFC0272)] [Shigella flexneri 2a str. 301]	
/home/chijioke/OHG_project/assembled_genome/GCA_026722545.1_PDT001515029.1_genomic.fna	DAKRYP010000064.1	8804	9751	+	iucB	1-948/948	===============	0/0	100.00	95.57	vfdb	WP_001287497	(iucB) aerobactin siderophore biosynthesis protein IucB [Aerobactin (VF0229) - Nutritional/Metabolic factor (VFC0272)] [Escherichia coli CFT073]	
/home/chijioke/OHG_project/assembled_genome/GCA_026722545.1_PDT001515029.1_genomic.fna	DAKRYP010000064.1	9751	11493	+	iucC	1-1743/1743	===============	0/0	100.00	96.04	vfdb	WP_001015709	(iucC) aerobactin siderophore biosynthesis protein IucC [Aerobactin (VF0229) - Nutritional/Metabolic factor (VFC0272)] [Escherichia coli CFT073]	
/home/chijioke/OHG_project/assembled_genome/GCA_026722545.1_PDT001515029.1_genomic.fna	DAKRYP010000064.1	11490	12811	+	iucD	1-1323/1338	========/======	1/1	98.80	96.30	vfdb	WP_000750139	(iucD) L-lysine 6-monooxygenase IucD [Aerobactin (VF0229) - Nutritional/Metabolic factor (VFC0272)] [Escherichia coli CFT073]	
/home/chijioke/OHG_project/assembled_genome/GCA_026722545.1_PDT001515029.1_genomic.fna	DAKRYP010000064.1	12849	15050	+	iutA	1-2202/2202	===============	0/0	100.00	99.50	vfdb	WP_004213924	(iutA) ferric aerobactin receptor IutA [Aerobactin (VF0565) - Nutritional/Metabolic factor (VFC0272)] [Klebsiella pneumoniae subsp. pneumoniae NTUH-K2044]	
/home/chijioke/OHG_project/assembled_genome/GCA_026722545.1_PDT001515029.1_genomic.fna	DAKRYP010000069.1	105	725	-	entD	1-621/621	===============	0/0	100.00	95.01	vfdb	WP_001375021	(entD) phosphopantetheinyl transferase component of enterobactin synthase multienzyme complex [Enterobactin (VF0228) - Nutritional/Metabolic factor (VFC0272)] [Escherichia coli CFT073]	
/home/chijioke/OHG_project/assembled_genome/GCA_026722545.1_PDT001515029.1_genomic.fna	DAKRYP010000069.1	900	3140	-	fepA	1-2241/2241	===============	0/0	100.00	96.74	vfdb	WP_001034892	(fepA) ferrienterobactin outer membrane transporter [Enterobactin (VF0228) - Nutritional/Metabolic factor (VFC0272)] [Escherichia coli CFT073]	
/home/chijioke/OHG_project/assembled_genome/GCA_026722545.1_PDT001515029.1_genomic.fna	DAKRYP010000069.1	3383	4585	+	fes	1-1203/1203	===============	0/0	100.00	96.67	vfdb	WP_000125846	(fes) enterobactin/ferric enterobactin esterase [Enterobactin (VF0228) - Nutritional/Metabolic factor (VFC0272)] [Escherichia coli CFT073]	
/home/chijioke/OHG_project/assembled_genome/GCA_026722545.1_PDT001515029.1_genomic.fna	DAKRYP010000069.1	4803	8656	+	entF	1-3854/3882	===============	0/0	99.28	95.69	vfdb	WP_000077767	(entF) enterobactin synthase multienzyme complex component ATP-dependent [Enterobactin (VF0228) - Nutritional/Metabolic factor (VFC0272)] [Escherichia coli CFT073]	
/home/chijioke/OHG_project/assembled_genome/GCA_026722545.1_PDT001515029.1_genomic.fna	DAKRYP010000069.1	8900	9883	+	fepE	1-984/1134	==============.	0/0	86.77	94.41	vfdb	WP_000096764	(fepE) LPS O-antigen length regulator [Enterobactin (VF0228) - Nutritional/Metabolic factor (VFC0272)] [Escherichia coli CFT073]	
/home/chijioke/OHG_project/assembled_genome/GCA_026722545.1_PDT001515029.1_genomic.fna	DAKRYP010000076.1	677	1843	-	ugd	1-1167/1167	===============	0/0	100.00	96.14	vfdb	WP_004175261	(ugd) UDP-glucose 6-dehydrogenase [Capsule (VF0560) - Immune modulation (VFC0258)] [Klebsiella pneumoniae subsp. pneumoniae NTUH-K2044]	
/home/chijioke/OHG_project/assembled_genome/GCA_026722545.1_PDT001515029.1_genomic.fna	DAKRYP010000076.1	2007	3377	-	rfbK1	1-1371/1371	===============	0/0	100.00	96.86	vfdb	WP_004899416	(rfbK1) O9 family phosphomannomutase RfbK1 [Capsule (VF0560) - Immune modulation (VFC0258)] [Klebsiella pneumoniae subsp. pneumoniae NTUH-K2044]	
/home/chijioke/OHG_project/assembled_genome/GCA_026722545.1_PDT001515029.1_genomic.fna	DAKRYP010000076.1	3401	4816	-	KP1_RS17280	1-1416/1416	===============	0/0	100.00	96.96	vfdb	WP_014907234	(KP1_RS17280) mannose-1-phosphate guanylyltransferase/mannose-6-phosphate isomerase [Capsule (VF0560) - Immune modulation (VFC0258)] [Klebsiella pneumoniae subsp. pneumoniae NTUH-K2044]	
/home/chijioke/OHG_project/assembled_genome/GCA_026722545.1_PDT001515029.1_genomic.fna	DAKRYP010000076.1	5043	6449	-	gndA	1-1407/1407	===============	0/0	100.00	96.23	vfdb	WP_014907233	(gndA) NADP-dependent phosphogluconate dehydrogenase [Capsule (VF0560) - Immune modulation (VFC0258)] [Klebsiella pneumoniae subsp. pneumoniae NTUH-K2044]	
/home/chijioke/OHG_project/assembled_genome/GCA_026722545.1_PDT001515029.1_genomic.fna	DAKRYP010000099.1	959	1510	+	papX	1-552/552	===============	0/0	100.00	97.46	vfdb	WP_001298062	(papX) PapX protein regulates flagellum synthesis to repress motility [P fimbriae (VF0220) - Adherence (VFC0001)] [Escherichia coli CFT073]	
